<?xml version="1.0" encoding="UTF-8"?>
<!DOCTYPE suite SYSTEM "https://testng.org/testng-1.0.dtd">
<suite name="Suite">
  <parameter name="myName" value="Pratahsmita"></parameter>
  <parameter name="companyName" value="Avontix"></parameter>
  <test name="FreeTrial">
    <classes>
      <class name="assignment_automation.Test_freeTrial"/>
    </classes>
  </test> <!-- Test --><parameter name="Email" value="jinupsm26@gmail.com"></parameter>
  <parameter name="Password" value="muvi1234"></parameter>
  <test name="LoginData">
  	<classes>
  		<class name="assignment_automation.ManageContent"></class></classes></test>
</suite><!--Test--><!-- Suite -->
